<?xml version="1.0" encoding="UTF-8"?>
<project-private xmlns="http://www.netbeans.org/ns/project-private/1">
    <editor-bookmarks xmlns="http://www.netbeans.org/ns/editor-bookmarks/2" lastBookmarkId="0"/>
    <open-files xmlns="http://www.netbeans.org/ns/projectui-open-files/2">
        <group>
            <file>file:/D:/SWP_V4/Iter_4/g4/src/java/dao/AdminDao.java</file>
            <file>file:/D:/SWP_V4/Iter_4/g4/src/java/controller/IssueController.java</file>
        </group>
    </open-files>
</project-private>
